{"cameraMode":{"drawMode":0,"name":"Shaded","section":"Shading Mode"},"sceneLighting":true,"audioPlay":false,"sceneViewState":{"m_AlwaysRefresh":false,"showFog":true,"showSkybox":true,"showFlares":true,"showImageEffects":true,"showParticleSystems":true,"showVisualEffectGraphs":true,"m_FxEnabled":true},"in2DMode":false,"pivot":{"x":0.10000000894069672,"y":0.10000000894069672,"z":0.10000000894069672},"rotation":{"x":-0.25093257427215578,"y":-0.31379249691963198,"z":0.08637077361345291,"w":-0.9116523861885071},"size":1.4660255908966065,"orthographic":false}