{"cameraMode":{"drawMode":0,"name":"Shaded","section":"Shading Mode"},"sceneLighting":true,"audioPlay":false,"sceneViewState":{"m_AlwaysRefresh":false,"showFog":true,"showSkybox":true,"showFlares":true,"showImageEffects":true,"showParticleSystems":true,"showVisualEffectGraphs":true,"m_FxEnabled":true},"in2DMode":false,"pivot":{"x":0.10000000894069672,"y":0.10000000894069672,"z":0.10000000894069672},"rotation":{"x":-0.37252065539360049,"y":-0.06118425354361534,"z":0.024621402844786645,"w":-0.9256806373596191},"size":0.37071073055267336,"orthographic":false}